"Descrição","Acurácia","F1-Score","Recall","Precisão","MCC"
"banana.dat , MlP , Padronizado , Split # 0",0.8256603773584905,0.6474576678330943,0.8212555646852504,0.8181760606521209,0.8293785135631285
"banana.dat , MLP , Normalizado , Split # 0",0.6143396226415094,0.2062061287023858,0.5920067489191184,0.596526136881814,0.6101281188909675
"banana.dat , MlP , Padronizado , Split # 0",0.8588679245283019,0.7142905999442059,0.8570848481387721,0.8564751481988144,0.8578167115902965
"banana.dat , MLP , Normalizado , Split # 0",0.6264150943396226,0.23413911283772212,0.6114542142444572,0.6126760076828477,0.6216344217545011
"banana.dat , MlP , Padronizado , Split # 0",0.8943396226415095,0.7860977887371394,0.8927958833619211,0.8914625046635991,0.8946417128688045
"banana.dat , MLP , Normalizado , Split # 0",0.6339622641509434,0.25256317469364403,0.6239691884405159,0.6237753734333762,0.6288385472851492
"banana.dat , MlP , Padronizado , Split # 0",0.8483018867924528,0.6983122036802697,0.8427945819690565,0.8379071149248988,0.8607795694958764
"banana.dat , MLP , Normalizado , Split # 0",0.6264150943396226,0.23383507869003659,0.6107264125578902,0.6122027387417265,0.6218304576144036
"banana.dat , MlP , Padronizado , Split # 0",0.8588679245283019,0.7157620582068179,0.8553021237928218,0.8517424587876025,0.8641267290664352
"banana.dat , MLP , Normalizado , Split # 0",0.6369811320754717,0.25982077210671356,0.6283431331899948,0.6279311583689149,0.6319202344425341
"banana.dat , MlP , Padronizado , Split # 0",0.8890566037735849,0.7778569585465667,0.8862535411633412,0.8822573661834947,0.8957160158876232
"banana.dat , MLP , Normalizado , Split # 0",0.6264150943396226,0.23312966455826348,0.6086900491080192,0.6109406882320699,0.6224740926055873
"banana.dat , MlP , Padronizado , Split # 0",0.7524528301886793,0.5028769501714129,0.7391707237442264,0.7369994979434105,0.7667571336734271
"banana.dat , MLP , Normalizado , Split # 0",0.5720754716981132,0.12218238591223524,0.5575595176749459,0.5593267375073121,0.5629081256379825
"banana.dat , MlP , Padronizado , Split # 0",0.8128301886792453,0.6222316014050229,0.8071704880476218,0.8037085400286494,0.8187037198151692
"banana.dat , MLP , Normalizado , Split # 0",0.630188679245283,0.24297966835858523,0.6173174676524954,0.6178312997738442,0.625261962120767
"banana.dat , MlP , Padronizado , Split # 0",0.8128301886792453,0.6236742517530635,0.8063157795465692,0.8024464895189929,0.8215193313355662
"banana.dat , MLP , Normalizado , Split # 0",0.6211320754716981,0.22298500015732423,0.6058379713470309,0.607257020731713,0.6158952345402513
"banana.dat , MlP , Padronizado , Split # 0",0.7743396226415095,0.5448458383896145,0.7653026465840257,0.7621990539227201,0.7830454412108374
"banana.dat , MLP , Normalizado , Split # 0",0.6264150943396226,0.2320775366810513,0.6029670551187967,0.6077855619579285,0.6249239277821078
"banana.dat , MlP , Padronizado , Split # 0",0.8437735849056603,0.6847146080369436,0.839826415107562,0.8364850050896562,0.8483320856558413
"banana.dat , MLP , Normalizado , Split # 0",0.630943396226415,0.2461900617842826,0.6206752411010824,0.6205661263800799,0.6256769798058364
"banana.dat , MlP , Padronizado , Split # 0",0.8558490566037736,0.7137772984766871,0.8507028161610846,0.8456935980875789,0.8684462444771723
"banana.dat , MLP , Normalizado , Split # 0",0.6264150943396226,0.2323901501852931,0.5944481991243111,0.6038416541152519,0.6300181087331385
"banana.dat , MlP , Padronizado , Split # 0",0.8845283018867924,0.7661986651219582,0.8827759759127688,0.8813085252893734,0.884898550320343
"banana.dat , MLP , Normalizado , Split # 0",0.6279245283018868,0.2356673782994585,0.6072502012675496,0.6107311141510867,0.6253918413544541
"banana.dat , MlP , Padronizado , Split # 0",0.88,0.7604357266337621,0.8793667462776474,0.8819372475323227,0.8785062193312791
"banana.dat , MLP , Normalizado , Split # 0",0.6415094339622641,0.2689683588464241,0.6328053119907772,0.6323506381645916,0.6366521141563586
"banana.dat , MlP , Padronizado , Split # 0",0.8950943396226415,0.7876943334190131,0.8938049678575155,0.8932507933875923,0.8944444444444444
"banana.dat , MLP , Normalizado , Split # 0",0.6452830188679245,0.27301467729846074,0.6259813672355473,0.6285138203742855,0.6449980511887748
"banana.dat , MlP , Padronizado , Split # 0",0.8935849056603774,0.7848732237582163,0.8917175597516793,0.8895164596258986,0.8953786561190904
"banana.dat , MLP , Normalizado , Split # 0",0.630188679245283,0.24274899570936354,0.6168748554244738,0.6175157871464301,0.6253599119505509
"banana.dat , MlP , Padronizado , Split # 0",0.8883018867924528,0.7749297120684462,0.8859316031699498,0.8828354221651076,0.8921502712903987
"banana.dat , MLP , Normalizado , Split # 0",0.6422641509433962,0.26717753500994884,0.6155950702156414,0.6216761781057267,0.6466676475323825
"banana.dat , MlP , Padronizado , Split # 0",0.900377358490566,0.7996368389778217,0.8982633217461713,0.8950413851234644,0.90465322009908
"banana.dat , MLP , Normalizado , Split # 0",0.6445283018867924,0.2723236089030088,0.6175357184224509,0.623728161689858,0.6498449240518334
"banana.dat , MlP , Padronizado , Split # 0",0.7683018867924528,0.5313450561188479,0.759748984865264,0.756884854012077,0.7747608162300106
"banana.dat , MLP , Normalizado , Split # 0",0.5773584905660377,0.13707341393835606,0.5669934640522876,0.5674275817914669,0.5696640762930849
"banana.dat , MlP , Padronizado , Split # 0",0.8460377358490566,0.6886255887776805,0.8426292501164416,0.839799039183444,0.8488865085220286
"banana.dat , MLP , Normalizado , Split # 0",0.6430188679245283,0.27347770214217915,0.6358428591267201,0.6352961903577499,0.638196894848271
"banana.dat , MlP , Padronizado , Split # 0",0.8633962264150944,0.7233003910081918,0.8611642577490694,0.8594748211711276,0.8638387341901979
"banana.dat , MLP , Normalizado , Split # 0",0.6188679245283019,0.21891313418564778,0.6047988187523071,0.6058360624024098,0.6132009242198815
"banana.dat , MlP , Padronizado , Split # 0",0.8845283018867924,0.7661810349089994,0.8828626750126107,0.8816240379167876,0.8845626322824998
"banana.dat , MLP , Normalizado , Split # 0",0.630943396226415,0.24604578617963493,0.6204806044897422,0.6204083700663727,0.625694187338023
"banana.dat , MlP , Padronizado , Split # 0",0.8837735849056604,0.7647270680482443,0.8818974658165368,0.8801512618202085,0.8845886804410024
"banana.dat , MLP , Normalizado , Split # 0",0.6150943396226415,0.20854116848000967,0.5953049989938771,0.5986299382332214,0.6102338187827215
"banana.dat , MlP , Padronizado , Split # 0",0.8935849056603774,0.7846382150278088,0.892276981783523,0.8917250480177976,0.8929140679140679
"banana.dat , MLP , Normalizado , Split # 0",0.6294339622641509,0.2413473214325813,0.6164263785685775,0.6169895489320933,0.6244737886725508
"banana.dat , MlP , Padronizado , Split # 0",0.8807547169811321,0.7585494175845124,0.8791432477243023,0.8782040652765687,0.8803483831519852
"banana.dat , MLP , Normalizado , Split # 0",0.6543396226415095,0.30234435442738095,0.6511345815109664,0.6513930918855679,0.6509515849032341
"banana.dat , MlP , Padronizado , Split # 0",0.8950943396226415,0.7887601594791223,0.8928919323650426,0.8897801544860369,0.8990342902410502
"banana.dat , MLP , Normalizado , Split # 0",0.6490566037735849,0.2910960373988255,0.6455386920154804,0.645658592307019,0.6454375290313976
"banana.dat , MlP , Padronizado , Split # 0",0.8867924528301887,0.7712139689047686,0.8856049269022678,0.8857268535791107,0.8854871525763894
"banana.dat , MLP , Normalizado , Split # 0",0.6279245283018868,0.23554079914802262,0.6063783311489734,0.6102578452099656,0.6257948311016752
"banana.dat , MlP , Padronizado , Split # 0",0.9011320754716982,0.8000493145458734,0.8995166727355142,0.897618455415993,0.9024454203437714
"banana.dat , MLP , Normalizado , Split # 0",0.6377358490566037,0.2640522570533532,0.6315999221494175,0.6311392539162717,0.6329190009337068
"banana.dat , MlP , Padronizado , Split # 0",0.8958490566037736,0.7896006909056711,0.8939567220477227,0.89156844321003,0.8980589229609444
"banana.dat , MLP , Normalizado , Split # 0",0.6354716981132076,0.2534883517997134,0.6020474216329255,0.6120495884517773,0.6433658645827809
"banana.dat , MlP , Padronizado , Split # 0",0.8928301886792452,0.7830242209954779,0.8913432663432663,0.8902522719212185,0.8927760161697078
"banana.dat , MLP , Normalizado , Split # 0",0.6294339622641509,0.24019450970941875,0.6138720577089376,0.6152542294813157,0.6251437859464866
"banana.dat , MlP , Padronizado , Split # 0",0.8188679245283019,0.6341367039041426,0.8137806969052461,0.8104425467626561,0.8238355723400984
"banana.dat , MLP , Normalizado , Split # 0",0.5954716981132075,0.19065427168667518,0.5941009181023447,0.5958329303062546,0.5948240109016165
"banana.dat , MlP , Padronizado , Split # 0",0.8920754716981132,0.7814928945232786,0.8905584220774232,0.8894105210794677,0.8920869565217391
"banana.dat , MLP , Normalizado , Split # 0",0.6430188679245283,0.2738180312540684,0.6361540573851627,0.635611702985164,0.6382187388503934
"banana.dat , MlP , Padronizado , Split # 0",0.8920754716981132,0.7816689604859892,0.8908215165883879,0.8905148152754172,0.891154406879752
"banana.dat , MLP , Normalizado , Split # 0",0.6452830188679245,0.2770837601197883,0.6370971501564081,0.6365593923733459,0.6405531483184632
"banana.dat , MlP , Padronizado , Split # 0",0.8837735849056604,0.7646696757620317,0.8822029123388769,0.8812555560161579,0.8834171750438895
"banana.dat , MLP , Normalizado , Split # 0",0.5720754716981132,0.13183382013893866,0.5657432696059305,0.5656369900555946,0.5661980238494521
"banana.dat , MlP , Padronizado , Split # 0",0.8988679245283019,0.7952893591717243,0.897390345503553,0.896039740772983,0.8992561223636921
"banana.dat , MLP , Normalizado , Split # 0",0.6445283018867924,0.2713942852482454,0.623943598318796,0.6270410442777063,0.6449430349147626
"banana.dat , MlP , Padronizado , Split # 0",0.8928301886792452,0.7831288685016694,0.891531188746685,0.8910410534897539,0.8920885155200045
"banana.dat , MLP , Normalizado , Split # 0",0.670188679245283,0.33846111500365506,0.6685203536317208,0.6700163974445781,0.6684483498229346
"banana.dat , MlP , Padronizado , Split # 1",0.8264150943396227,0.650728830437857,0.8209737150054279,0.8171247357293869,0.8338181818181818
"banana.dat , MLP , Normalizado , Split # 1",0.600754716981132,0.1822333798104525,0.5876739557946243,0.5886314121608239,0.5936716563222587
"banana.dat , MlP , Padronizado , Split # 1",0.8860377358490567,0.7701169225030148,0.8836963263559848,0.8807834385809763,0.8893814792311352
"banana.dat , MLP , Normalizado , Split # 1",0.610566037735849,0.2124679023868042,0.6062325491388605,0.6061999382792816,0.6062679750009219
"banana.dat , MlP , Padronizado , Split # 1",0.8883018867924528,0.7751197980168744,0.8873935952738615,0.8885146494585618,0.8866074947978256
"banana.dat , MLP , Normalizado , Split # 1",0.5932075471698113,0.16438862342811364,0.5769168110661869,0.579109609547366,0.5853992949377725
"banana.dat , MlP , Padronizado , Split # 1",0.889811320754717,0.7769261537288279,0.8883614262036998,0.8875162938090435,0.8894121731080769
"banana.dat , MLP , Normalizado , Split # 1",0.6067924528301887,0.19946101268202088,0.5988882232664297,0.5986783014826791,0.6007939308398024
"banana.dat , MlP , Padronizado , Split # 1",0.9026415094339623,0.803046880743196,0.9015103191601539,0.9011950328639795,0.9018521167048055
"banana.dat , MLP , Normalizado , Split # 1",0.6015094339622642,0.1785566344539274,0.5785907728486204,0.5836361793954133,0.5953010764539476
"banana.dat , MlP , Padronizado , Split # 1",0.8973584905660378,0.7923352999324814,0.8961488632853383,0.8957760459128448,0.8965596414956756
"banana.dat , MLP , Normalizado , Split # 1",0.6015094339622642,0.1782308915953589,0.5776382516300411,0.5831629104542921,0.5954940445967674
"banana.dat , MlP , Padronizado , Split # 1",0.730566037735849,0.46055868582823023,0.7122839734828648,0.7121154545915147,0.7499986428385303
"banana.dat , MLP , Normalizado , Split # 1",0.550188679245283,0.0956345951738374,0.5474540061523792,0.5480097371342241,0.5476256294035402
"banana.dat , MlP , Padronizado , Split # 1",0.8067924528301886,0.6110893068474609,0.8000679014674261,0.7963435080398145,0.8150314844193745
"banana.dat , MLP , Normalizado , Split # 1",0.6075471698113207,0.20008555532831265,0.5988588728458315,0.5987312707558946,0.6013717061082421
"banana.dat , MlP , Padronizado , Split # 1",0.8377358490566038,0.6728556472336531,0.8333059288963112,0.8297509983556495,0.8432398417835312
"banana.dat , MLP , Normalizado , Split # 1",0.6083018867924528,0.2019321445713281,0.5999007424534301,0.5997307779113525,0.6022166673747917
"banana.dat , MlP , Padronizado , Split # 1",0.8339622641509434,0.6654652274382773,0.8292109604964659,0.8255422441468954,0.840081799591002
"banana.dat , MLP , Normalizado , Split # 1",0.550188679245283,0.0956345951738374,0.5474540061523792,0.5480097371342241,0.5476256294035402
"banana.dat , MlP , Padronizado , Split # 1",0.8837735849056604,0.7647532557258817,0.8823251919244113,0.8817288249572791,0.883025530105559
"banana.dat , MLP , Normalizado , Split # 1",0.6,0.18184914089084137,0.5883395001805503,0.5888939555150225,0.5930015709480623
"banana.dat , MlP , Padronizado , Split # 1",0.8822641509433963,0.762062341545207,0.8810291239783585,0.8811496174697269,0.8809127608841752
"banana.dat , MLP , Normalizado , Split # 1",0.5984905660377359,0.17708364064381654,0.5847530314383603,0.5859484033218643,0.5912134913845778
"banana.dat , MlP , Padronizado , Split # 1",0.8830188679245283,0.7635619110987475,0.8808193938690536,0.8783629730962152,0.8852298147132065
"banana.dat , MLP , Normalizado , Split # 1",0.5954716981132075,0.17097826499955485,0.5818673373745367,0.5830546688959821,0.5879949540791927
"banana.dat , MlP , Padronizado , Split # 1",0.909433962264151,0.8172907833307338,0.9077884539545413,0.9053001515381816,0.9120182425187412
"banana.dat , MLP , Normalizado , Split # 1",0.5901886792452831,0.1578710338327044,0.5735132760831331,0.5759003624940697,0.5820920431221728
"banana.dat , MlP , Padronizado , Split # 1",0.8875471698113208,0.7738092703178608,0.8866786172868419,0.8879884112442252,0.8858238864078782
"banana.dat , MLP , Normalizado , Split # 1",0.5909433962264151,0.15818931872678674,0.5722486681724182,0.575480062826164,0.5828823520486351
"banana.dat , MlP , Padronizado , Split # 1",0.9026415094339623,0.8030244349274758,0.9011267815834638,0.8994597134132019,0.9035752676913626
"banana.dat , MLP , Normalizado , Split # 1",0.5977358490566038,0.18009359219468216,0.5889234447950482,0.5888928040090831,0.5912157691253344
"banana.dat , MlP , Padronizado , Split # 1",0.9033962264150943,0.8045387709880888,0.9019117946440138,0.9003014642549526,0.9042469812268592
"banana.dat , MLP , Normalizado , Split # 1",0.6052830188679246,0.19595969929203377,0.5969962635030024,0.5968370434854703,0.5991361424421895
"banana.dat , MlP , Padronizado , Split # 1",0.8920754716981132,0.7823424421807673,0.8899059806662177,0.8870441763738617,0.8953422724064926
"banana.dat , MLP , Normalizado , Split # 1",0.5916981132075472,0.16156958977051306,0.5758655313418406,0.5778993768049856,0.5837770897832817
"banana.dat , MlP , Padronizado , Split # 1",0.7418867924528302,0.47930803001347,0.7288059923013579,0.7269503056096763,0.7530688238315357
"banana.dat , MLP , Normalizado , Split # 1",0.6075471698113207,0.20174074229773167,0.6002515688240317,0.599993321265551,0.6017551137109324
"banana.dat , MlP , Padronizado , Split # 1",0.819622641509434,0.6359086504471789,0.8144128283854166,0.8109687849769929,0.8250967872414192
"banana.dat , MLP , Normalizado , Split # 1",0.6060377358490566,0.19719622930156872,0.5974978700819844,0.597363281699807,0.5998486086640247
"banana.dat , MlP , Padronizado , Split # 1",0.8724528301886793,0.7420347224905899,0.8710128022349908,0.8708378817817942,0.8711969275739175
"banana.dat , MLP , Normalizado , Split # 1",0.6113207547169811,0.2093317036398522,0.6040128247907266,0.6037288065331841,0.6056113620056557
"banana.dat , MlP , Padronizado , Split # 1",0.8566037735849057,0.7102697674748044,0.853429203539823,0.8504792567720064,0.8598523541985887
"banana.dat , MLP , Normalizado , Split # 1",0.5433962264150943,0.07677849663359286,0.5383889378036498,0.5383831474802747,0.53839535012302
"banana.dat , MlP , Padronizado , Split # 1",0.8905660377358491,0.779492403185001,0.8896303355869712,0.8905666330426932,0.8889274935556962
"banana.dat , MLP , Normalizado , Split # 1",0.6060377358490566,0.19699352980015208,0.5973160223567768,0.5972055253861,0.5998051567258763
"banana.dat , MlP , Padronizado , Split # 1",0.8943396226415095,0.7861227845054053,0.8929863668669638,0.8922512862321343,0.893873171363424
"banana.dat , MLP , Normalizado , Split # 1",0.6067924528301887,0.21576614212313402,0.605929622481349,0.6084591929325172,0.6073100094790185
"banana.dat , MlP , Padronizado , Split # 1",0.8830188679245283,0.7632500947830434,0.8810609680174898,0.8791517546647506,0.8841144739666451
"banana.dat , MLP , Normalizado , Split # 1",0.6143396226415094,0.21973505658226924,0.6098587061305325,0.6097776672332076,0.6099574629069167
"banana.dat , MlP , Padronizado , Split # 1",0.8935849056603774,0.7848368731723515,0.8924179177360572,0.8923560732726259,0.8924808098121066
"banana.dat , MLP , Normalizado , Split # 1",0.6294339622641509,0.25760681986192574,0.6278662577957465,0.6294522977149517,0.6281577747378021
"banana.dat , MlP , Padronizado , Split # 1",0.8875471698113208,0.7742798570945749,0.8867667512653963,0.8884616801853464,0.8858226742058264
"banana.dat , MLP , Normalizado , Split # 1",0.6128301886792453,0.21766515917160298,0.6088294145778052,0.6088829471182413,0.6087822353525871
"banana.dat , MlP , Padronizado , Split # 1",0.9018867924528302,0.8022104985811562,0.8999788634579382,0.8971981557480874,0.9050507754887317
"banana.dat , MLP , Normalizado , Split # 1",0.6143396226415094,0.21855232113779466,0.609196656202147,0.6089888856646722,0.609564192677585
"banana.dat , MlP , Padronizado , Split # 1",0.9018867924528302,0.805047253099839,0.8992336492336492,0.8946740547287744,0.9105293165071243
"banana.dat , MLP , Normalizado , Split # 1",0.6022641509433962,0.1783620558874308,0.5724301569077688,0.5811650476493158,0.5979886783219894
"banana.dat , MlP , Padronizado , Split # 1",0.9018867924528302,0.8037383182479825,0.8995284691696765,0.8956205926110167,0.9082164176267062
"banana.dat , MLP , Normalizado , Split # 1",0.6052830188679246,0.1949458099625946,0.59608014571949,0.5960482619169349,0.5989186791709953
"banana.dat , MlP , Padronizado , Split # 1",0.8490566037735849,0.6941450529689944,0.8467371791312717,0.8453746309423464,0.8487787690475748
"banana.dat , MLP , Normalizado , Split # 1",0.6083018867924528,0.20173132510665642,0.5997209528116885,0.5995730215976454,0.6021750843660494
"banana.dat , MlP , Padronizado , Split # 1",0.8890566037735849,0.7754698598541958,0.8876930235615452,0.8871478119084139,0.8883229383229383
"banana.dat , MLP , Normalizado , Split # 1",0.6188679245283019,0.22750360989587695,0.613648869542222,0.613408365460349,0.6140962844882715
"banana.dat , MlP , Padronizado , Split # 1",0.8973584905660378,0.7925677660770786,0.8962818003913895,0.896407071167673,0.896160733191556
"banana.dat , MLP , Normalizado , Split # 1",0.6286792452830189,0.25286334896169804,0.6261492512662409,0.626875227422423,0.6259896721903829
"banana.dat , MlP , Padronizado , Split # 1",0.8981132075471698,0.7938623638660076,0.8964885082713712,0.8947247209901108,0.8991499767116907
"banana.dat , MLP , Normalizado , Split # 1",0.6052830188679246,0.2047744512016741,0.6022343412148878,0.6026740270926317,0.6021012252376046
"banana.dat , MlP , Padronizado , Split # 1",0.8935849056603774,0.784621415464707,0.8919292728935535,0.8903052411944341,0.8943264787591965
"banana.dat , MLP , Normalizado , Split # 1",0.610566037735849,0.20439630808820847,0.6000351000351001,0.6002051983584131,0.6042307471181763
"banana.dat , MlP , Padronizado , Split # 1",0.8988679245283019,0.7957767394452926,0.8978696136359453,0.8982483291648818,0.8975287356321839
"banana.dat , MLP , Normalizado , Split # 1",0.630943396226415,0.25948907079093203,0.6290765513178752,0.630347017829918,0.6291448377204192
"banana.dat , MlP , Padronizado , Split # 2",0.8732075471698113,0.7432696742548676,0.8711107405400147,0.869313287917939,0.873970979883677
"banana.dat , MLP , Normalizado , Split # 2",0.630943396226415,0.24678992943661443,0.6214341011670879,0.6211971516349082,0.6256326333782145
"banana.dat , MlP , Padronizado , Split # 2",0.8845283018867924,0.7661986651219582,0.8827759759127688,0.8813085252893734,0.884898550320343
"banana.dat , MLP , Normalizado , Split # 2",0.64,0.2623189576163718,0.6244038687248361,0.6256189344424639,0.6369443942315417
"banana.dat , MlP , Padronizado , Split # 2",0.8679245283018868,0.7363587223831441,0.8672564345207119,0.8698890408876729,0.8664775838779162
"banana.dat , MLP , Normalizado , Split # 2",0.6475471698113208,0.2856575122294713,0.6427208357944904,0.6423975274864467,0.6432612906514426
"banana.dat , MlP , Padronizado , Split # 2",0.8784905660377359,0.7541830630124376,0.8770787704246883,0.8767831069472656,0.8774002085332546
"banana.dat , MLP , Normalizado , Split # 2",0.6505660377358491,0.2948450192625273,0.6473772940809277,0.6476576066179349,0.6471877869605143
"banana.dat , MlP , Padronizado , Split # 2",0.8875471698113208,0.7743795084488712,0.8848168241823702,0.8810471334411143,0.8934313963276312
"banana.dat , MLP , Normalizado , Split # 2",0.6558490566037736,0.30610257213524733,0.6529548806881625,0.6533921061964838,0.6527112232030265
"banana.dat , MlP , Padronizado , Split # 2",0.8830188679245283,0.7632916546149351,0.8816206685269201,0.8812025867429425,0.8820895832467694
"banana.dat , MLP , Normalizado , Split # 2",0.6384905660377358,0.2612503221128718,0.6276581078044692,0.6275638279742246,0.6337599613619899
"banana.dat , MlP , Padronizado , Split # 2",0.7479245283018868,0.5127741532176385,0.7238797961496034,0.7251654714035015,0.7919378919080322
"banana.dat , MLP , Normalizado , Split # 2",0.6128301886792453,0.20461253283160116,0.5952690435970369,0.5976822488450395,0.607149172666414
"banana.dat , MlP , Padronizado , Split # 2",0.8113207547169812,0.6214030733369704,0.8042979421300891,0.8002897188943701,0.8214743589743589
"banana.dat , MLP , Normalizado , Split # 2",0.610566037735849,0.19846495021929234,0.5893752882841328,0.5934216768690093,0.6054047031310901
"banana.dat , MlP , Padronizado , Split # 2",0.8249056603773585,0.6469073890368342,0.8198014415884674,0.8162300156144205,0.830842384756985
"banana.dat , MLP , Normalizado , Split # 2",0.6264150943396226,0.23517656967925954,0.6135230259843341,0.6140958145062112,0.6211876596119412
"banana.dat , MlP , Padronizado , Split # 2",0.8279245283018868,0.6533167968326681,0.8228152492668622,0.8191237500403027,0.8343709430665953
"banana.dat , MLP , Normalizado , Split # 2",0.6166037735849057,0.21310808359916297,0.600376646939803,0.6022065156812079,0.6110864972565981
"banana.dat , MlP , Padronizado , Split # 2",0.8807547169811321,0.7585286337361606,0.878967730894997,0.8775730400217404,0.880963169513187
"banana.dat , MLP , Normalizado , Split # 2",0.6067924528301887,0.1885288577852985,0.5780174814124746,0.5860577963861138,0.6032536612323847
"banana.dat , MlP , Padronizado , Split # 2",0.8716981132075472,0.740580355736933,0.8692031291373039,0.866683248352195,0.873932587436237
"banana.dat , MLP , Normalizado , Split # 2",0.6256603773584906,0.23461818064951193,0.6143409760952434,0.6145161141741169,0.6201701854107458
"banana.dat , MlP , Padronizado , Split # 2",0.8860377358490567,0.7696396612535359,0.8839432439973294,0.8815722201495115,0.8880950819364933
"banana.dat , MLP , Normalizado , Split # 2",0.6271698113207547,0.23528329126856704,0.6111423995285351,0.6127289769560631,0.6227684057927395
"banana.dat , MlP , Padronizado , Split # 2",0.8875471698113208,0.7727795677741608,0.8863851516025205,0.8865686044208616,0.8862110460728552
"banana.dat , MLP , Normalizado , Split # 2",0.6339622641509434,0.24973365623849197,0.6185905254355086,0.6198314655906996,0.6301137784446111
"banana.dat , MlP , Padronizado , Split # 2",0.8905660377358491,0.7788027229913633,0.8894008447271331,0.8894623388467437,0.8893403936917232
"banana.dat , MLP , Normalizado , Split # 2",0.6415094339622641,0.26634087392828315,0.6284946588820988,0.6288799992630362,0.6376037040861992
"banana.dat , MlP , Padronizado , Split # 2",0.8845283018867924,0.7674421512629869,0.8835733463509885,0.8846214078772219,0.8828228509079573
"banana.dat , MLP , Normalizado , Split # 2",0.660377358490566,0.3147644483876638,0.6573275862068966,0.6576538296784535,0.6571110866302208
"banana.dat , MlP , Padronizado , Split # 2",0.8845283018867924,0.7668621010960971,0.8834059440106974,0.8838326263086864,0.8830298949265036
"banana.dat , MLP , Normalizado , Split # 2",0.5516981132075471,0.0,0.3555447470817121,0.5,0.27584905660377357
"banana.dat , MlP , Padronizado , Split # 2",0.8807547169811321,0.7598998385570636,0.8797850544139872,0.8808859226095889,0.8790162161171153
"banana.dat , MLP , Normalizado , Split # 2",0.6369811320754717,0.25787704676659007,0.6257029173824311,0.6257225699770159,0.632236740112009
"banana.dat , MlP , Padronizado , Split # 2",0.7584905660377359,0.5233281969538341,0.7413599586175934,0.7397895968347405,0.7855340737693679
"banana.dat , MLP , Normalizado , Split # 2",0.6,0.1797152254867546,0.5855993334183083,0.5870008797505377,0.59280814850483
"banana.dat , MlP , Padronizado , Split # 2",0.810566037735849,0.6181077913962497,0.8044675986216457,0.8008677748759828,0.8174627474994897
"banana.dat , MLP , Normalizado , Split # 2",0.6150943396226415,0.21017156564565856,0.5993076605615563,0.6009962829388273,0.6093408730514915
"banana.dat , MlP , Padronizado , Split # 2",0.8362264150943396,0.6680472643349613,0.8333525564972651,0.8315381355737033,0.8365277621932974
"banana.dat , MLP , Normalizado , Split # 2",0.6158490566037735,0.21233302116351932,0.6011936545781496,0.6024690590354065,0.6099973794549267
"banana.dat , MlP , Padronizado , Split # 2",0.8392452830188679,0.6743243191303103,0.8369856216957423,0.8360094331366561,0.8383188405797102
"banana.dat , MLP , Normalizado , Split # 2",0.6173584905660378,0.23512687876781108,0.6161612525562109,0.618192872638837,0.6169373581603915
"banana.dat , MlP , Padronizado , Split # 2",0.8867924528301887,0.7707750383067159,0.8851803837834841,0.8839915341283331,0.8867885792230569
"banana.dat , MLP , Normalizado , Split # 2",0.6407547169811321,0.2684336104262482,0.6331313723574057,0.6326131815187903,0.6358398207124322
"banana.dat , MlP , Padronizado , Split # 2",0.8913207547169811,0.7799847494985324,0.8896921091701239,0.8882532576103027,0.8917392819797839
"banana.dat , MLP , Normalizado , Split # 2",0.6437735849056604,0.28030754654839063,0.6401478535458153,0.6402396053558844,0.6400679937250717
"banana.dat , MlP , Padronizado , Split # 2",0.8830188679245283,0.7631316577052982,0.8814169797604839,0.880413805174407,0.8827213412543211
"banana.dat , MLP , Normalizado , Split # 2",0.6384905660377358,0.26323164791935594,0.6302334916666714,0.6297724163661236,0.6334854170220023
"banana.dat , MlP , Padronizado , Split # 2",0.8837735849056604,0.7649646190740577,0.8824802569135359,0.8823598502121074,0.8826048080822979
"banana.dat , MLP , Normalizado , Split # 2",0.6286792452830189,0.23959730719823308,0.6153110793241655,0.6159900417766355,0.6237323237782648
"banana.dat , MlP , Padronizado , Split # 2",0.8913207547169811,0.7803706600973169,0.8893461447454497,0.8869912071006463,0.8934058164416787
"banana.dat , MLP , Normalizado , Split # 2",0.6633962264150943,0.3238437256292866,0.6614289708403229,0.6625983961825275,0.6612481443416696
"banana.dat , MlP , Padronizado , Split # 2",0.8928301886792452,0.7832794273620328,0.8916376394917019,0.891514322430875,0.8917651450905203
"banana.dat , MLP , Normalizado , Split # 2",0.6520754716981132,0.2948397073347756,0.6473111462553749,0.6469747635958306,0.6478662916245749
"banana.dat , MlP , Padronizado , Split # 2",0.8777358490566037,0.7536930152775559,0.8749720412670898,0.871681935635424,0.8820828420858251
"banana.dat , MLP , Normalizado , Split # 2",0.6347169811320754,0.25830102513219383,0.6288206068519727,0.6284032758040966,0.6299020978369261
"banana.dat , MlP , Padronizado , Split # 2",0.8890566037735849,0.7753689759293947,0.8874971191984701,0.8863590303398785,0.8890144927536232
"banana.dat , MLP , Normalizado , Split # 2",0.6362264150943396,0.2567578520016053,0.625621960541557,0.6255118443900933,0.6313115006890968
"banana.dat , MlP , Padronizado , Split # 2",0.8377358490566038,0.6711111230025683,0.8350846155582865,0.8335371498846191,0.8375861876057678
"banana.dat , MLP , Normalizado , Split # 2",0.6143396226415094,0.20890533028702943,0.5991411796258395,0.6006278010381978,0.6084229123862271
"banana.dat , MlP , Padronizado , Split # 2",0.889811320754717,0.7769062183025547,0.8882014212202891,0.8868852685542152,0.8900273033739169
"banana.dat , MLP , Normalizado , Split # 2",0.6347169811320754,0.25541322690413265,0.6262872780334074,0.6258791747847836,0.6295605817823247
"banana.dat , MlP , Padronizado , Split # 2",0.8928301886792452,0.7830733258177093,0.8911833971832028,0.8896212466663903,0.8934614955253317
"banana.dat , MLP , Normalizado , Split # 2",0.6369811320754717,0.26280684978210245,0.6310497678303995,0.630613015701935,0.6321986172687561
"banana.dat , MlP , Padronizado , Split # 2",0.8807547169811321,0.7586026483941009,0.8792274711784307,0.8785195779039828,0.8800846850096895
"banana.dat , MLP , Normalizado , Split # 2",0.6196226415094339,0.243699837265471,0.6191017234534777,0.6224534446148673,0.6212493671982962
"banana.dat , MlP , Padronizado , Split # 2",0.8935849056603774,0.7845603357436877,0.8920499161880923,0.8907785101355552,0.8937875960788682
"banana.dat , MLP , Normalizado , Split # 2",0.6332075471698113,0.2515261355060037,0.6238486772931826,0.6235646478464536,0.6280006011937991
"banana.dat , MlP , Padronizado , Split # 2",0.8950943396226415,0.7876885853751684,0.8934621910085386,0.8918309865642287,0.8958679435812241
"banana.dat , MLP , Normalizado , Split # 2",0.6452830188679245,0.27997594266271125,0.6396956722980791,0.639241249706366,0.6407386974678417
"banana.dat , MlP , Padronizado , Split # 3",0.859622641509434,0.7203709921162031,0.8549830063267305,0.8502178649237473,0.8704368182327521
"banana.dat , MLP , Normalizado , Split # 3",0.6445283018867924,0.2805955181339017,0.6402795798463187,0.6401348183153929,0.6404608892766952
"banana.dat , MlP , Padronizado , Split # 3",0.8815094339622641,0.7612212761162767,0.8789136600991043,0.8757329335304711,0.8855516641616803
"banana.dat , MLP , Normalizado , Split # 3",0.6543396226415095,0.29894455570414746,0.6492893898554275,0.6488689908662548,0.6500780096397626
"banana.dat , MlP , Padronizado , Split # 3",0.88,0.7573298117670323,0.8777945416925521,0.8754692386703331,0.8818877718333349
"banana.dat , MLP , Normalizado , Split # 3",0.6475471698113208,0.29207214121452457,0.6455281059792337,0.6466569479565376,0.6454178217640907
"banana.dat , MlP , Padronizado , Split # 3",0.8686792452830189,0.7358502981597744,0.8676825068870524,0.868995472278646,0.8668579305039108
"banana.dat , MLP , Normalizado , Split # 3",0.6271698113207547,0.2592202873636284,0.6267001099567928,0.6302399277775474,0.6289834049502331
"banana.dat , MlP , Padronizado , Split # 3",0.8724528301886793,0.7417876295383513,0.8702666970251576,0.8683137807624812,0.8734919218858741
"banana.dat , MLP , Normalizado , Split # 3",0.6528301886792452,0.3115395565933729,0.6524641687421883,0.6564931116914701,0.6550497882516155
"banana.dat , MlP , Padronizado , Split # 3",0.8830188679245283,0.7632098312477862,0.8811075135420207,0.8793095109784577,0.8839142109900561
"banana.dat , MLP , Normalizado , Split # 3",0.6369811320754717,0.2595142343036296,0.6279890893532472,0.6276156457415007,0.6319345238095238
"banana.dat , MlP , Padronizado , Split # 3",0.750188679245283,0.4928019597329692,0.742003930752402,0.739680203770491,0.7533102105391263
"banana.dat , MLP , Normalizado , Split # 3",0.5879245283018868,0.16102577912996943,0.5797316138027188,0.5796853625170999,0.5813490104247485
"banana.dat , MlP , Padronizado , Split # 3",0.8,0.5970244349447248,0.7929796136877252,0.7893987757188852,0.8079126501448153
"banana.dat , MLP , Normalizado , Split # 3",0.6256603773584906,0.23366784253764059,0.6128524503635842,0.6134118199781674,0.6203592814371257
"banana.dat , MlP , Padronizado , Split # 3",0.8264150943396227,0.650193259090176,0.8212609970674487,0.8175980046705081,0.8327723001636045
"banana.dat , MLP , Normalizado , Split # 3",0.6218867924528302,0.2265815753049134,0.6101396291239043,0.6104651162790697,0.6161887390268008
"banana.dat , MlP , Padronizado , Split # 3",0.8392452830188679,0.676469155027569,0.8346022278079235,0.8308034747843229,0.8458326110404869
"banana.dat , MLP , Normalizado , Split # 3",0.6188679245283019,0.2235571563010452,0.610693400653145,0.6104109954999148,0.6131631000769496
"banana.dat , MlP , Padronizado , Split # 3",0.8550943396226415,0.7104532824231675,0.8504704538080662,0.8459561414417776,0.8647455602336795
"banana.dat , MLP , Normalizado , Split # 3",0.6120754716981132,0.21097550916707863,0.604864050722216,0.6045705573749349,0.6064129966064833
"banana.dat , MlP , Padronizado , Split # 3",0.8777358490566037,0.7523983149469116,0.8759036228163893,0.8745215492821512,0.8778842802370164
"banana.dat , MLP , Normalizado , Split # 3",0.6226415094339622,0.22807407537405283,0.6108124239248436,0.6111491108071135,0.617
"banana.dat , MlP , Padronizado , Split # 3",0.8528301886792453,0.7018106924176409,0.8504255815528646,0.8487946035825653,0.8530288620671972
"banana.dat , MLP , Normalizado , Split # 3",0.6490566037735849,0.2922794876589212,0.646055903778908,0.6464473738755545,0.6458327599966975
"banana.dat , MlP , Padronizado , Split # 3",0.8883018867924528,0.774382822189764,0.8861778991261062,0.8836242037336428,0.890791788856305
"banana.dat , MLP , Normalizado , Split # 3",0.6535849056603774,0.3031663982711824,0.6512680042730313,0.6521289041808878,0.6510394516012494
"banana.dat , MlP , Padronizado , Split # 3",0.8807547169811321,0.7585413884801327,0.8789223715137047,0.8774152837080333,0.8811352261521573
"banana.dat , MLP , Normalizado , Split # 3",0.6528301886792452,0.31997835228898747,0.6528299909319992,0.6599637505930256,0.6600146057372442
"banana.dat , MlP , Padronizado , Split # 3",0.8875471698113208,0.7725757543452421,0.8855738751985831,0.8834134781467202,0.8891838251795332
"banana.dat , MLP , Normalizado , Split # 3",0.6377358490566037,0.2614477536871401,0.6292029495855935,0.6287729092106658,0.6327044025157232
"banana.dat , MlP , Padronizado , Split # 3",0.8905660377358491,0.7815934764357557,0.887634962326642,0.8833098426121682,0.8984298695827029
"banana.dat , MLP , Normalizado , Split # 3",0.6422641509433962,0.2715220012899201,0.6346728371794335,0.6341389268885849,0.6374026893135174
"banana.dat , MlP , Padronizado , Split # 3",0.8588679245283019,0.7174596993717186,0.854638969017611,0.8503226519642388,0.8673388070514368
"banana.dat , MLP , Normalizado , Split # 3",0.6407547169811321,0.2769280920520129,0.6382157099392877,0.6389234340670729,0.638006177076184
"banana.dat , MlP , Padronizado , Split # 3",0.7554716981132076,0.5048497236562687,0.7460664852715013,0.7435216275845551,0.7616536013698766
"banana.dat , MLP , Normalizado , Split # 3",0.6,0.18040106926665636,0.5865479268815381,0.587631905005366,0.5928444548551128
"banana.dat , MlP , Padronizado , Split # 3",0.8649056603773585,0.7265042001533645,0.8624792638965957,0.8603695412860939,0.8661577161577161
"banana.dat , MLP , Normalizado , Split # 3",0.6135849056603774,0.21207216047282132,0.6046675337874063,0.6045187396076589,0.6075754487100475
"banana.dat , MlP , Padronizado , Split # 3",0.8581132075471698,0.7137151948994914,0.8547711552543573,0.8515317332006798,0.8622641509433963
"banana.dat , MLP , Normalizado , Split # 3",0.6196226415094339,0.22519613833484103,0.6115508648490178,0.6112527463416656,0.6139596602972399
"banana.dat , MlP , Padronizado , Split # 3",0.8641509433962264,0.724871382393424,0.8618499708060317,0.8600010593854643,0.8648867880485528
"banana.dat , MLP , Normalizado , Split # 3",0.6324528301886793,0.2511890003340262,0.6244009711354379,0.6239849475143593,0.627224947773398
"banana.dat , MlP , Padronizado , Split # 3",0.8777358490566037,0.7523953638103287,0.8759495221759374,0.8746793055958583,0.87772221138755
"banana.dat , MLP , Normalizado , Split # 3",0.6445283018867924,0.27689871370370833,0.6376925180304684,0.6371374483549586,0.6397738155596868
"banana.dat , MlP , Padronizado , Split # 3",0.8883018867924528,0.7750621325243543,0.8858806221688384,0.8826776658514004,0.8924460210766971
"banana.dat , MLP , Normalizado , Split # 3",0.6437735849056604,0.28224382086886635,0.6409741804520948,0.6415016558655409,0.6407431841192613
"banana.dat , MlP , Padronizado , Split # 3",0.8181132075471698,0.6313024971181588,0.8153530078103091,0.8141757290184102,0.8171336978454729
"banana.dat , MLP , Normalizado , Split # 3",0.6498113207547169,0.29205414841529753,0.6460270742076488,0.6460270742076488,0.6460270742076488
"banana.dat , MlP , Padronizado , Split # 3",0.8852830188679245,0.7677241119200342,0.8835638930129086,0.8821502761311243,0.8855815034274428
"banana.dat , MLP , Normalizado , Split # 3",0.6490566037735849,0.3062783062993477,0.6488766045961618,0.6537041643060795,0.6525762189546069
"banana.dat , MlP , Padronizado , Split # 3",0.8558490566037736,0.7122940512739866,0.8551507273800182,0.857840834243023,0.8544612345273455
"banana.dat , MLP , Normalizado , Split # 3",0.6422641509433962,0.26975211039517344,0.6325903825903827,0.6322458511241,0.6375585707304452
"banana.dat , MlP , Padronizado , Split # 3",0.8815094339622641,0.7600591794446849,0.8798438620010871,0.8787303034909054,0.8813333333333333
"banana.dat , MLP , Normalizado , Split # 3",0.639245283018868,0.2912962473317369,0.6392401458190933,0.6457587733237529,0.6455375580053073
"banana.dat , MlP , Padronizado , Split # 3",0.8822641509433963,0.7618476392834134,0.8809156188931087,0.8806763485286057,0.8811714516315001
"banana.dat , MLP , Normalizado , Split # 3",0.6294339622641509,0.26603726326846255,0.6291898004467449,0.6335539618713353,0.6324854471849326
"banana.dat , MlP , Padronizado , Split # 3",0.8822641509433963,0.7615948286278802,0.8806306306306306,0.8795720543326562,0.8820267300845572
"banana.dat , MLP , Normalizado , Split # 3",0.6513207547169811,0.3011998961602643,0.6497404594828414,0.651338971106413,0.6498645338733734
"banana.dat , MlP , Padronizado , Split # 3",0.8649056603773585,0.726345187165939,0.8628038287088375,0.8613160791683363,0.86503864714067
"banana.dat , MLP , Normalizado , Split # 3",0.6256603773584906,0.23366784253764059,0.6128524503635842,0.6134118199781674,0.6203592814371257
"banana.dat , MlP , Padronizado , Split # 3",0.8807547169811321,0.7587138325643206,0.8786866284675865,0.8766265021394981,0.8821071249994159
"banana.dat , MLP , Normalizado , Split # 3",0.6566037735849056,0.308990339560915,0.6542206162802369,0.6550226386067699,0.6539694956814522
"banana.dat , MlP , Padronizado , Split # 3",0.8837735849056604,0.7649204625780271,0.8817101449275362,0.8795202365653803,0.8854230010010198
"banana.dat , MLP , Normalizado , Split # 3",0.6490566037735849,0.2962186434579284,0.6473564828885261,0.6488137185811604,0.6474082590782793
"banana.dat , MlP , Padronizado , Split # 3",0.8830188679245283,0.7632098312477862,0.8811075135420207,0.8793095109784577,0.8839142109900561
"banana.dat , MLP , Normalizado , Split # 3",0.609056603773585,0.20398424747129368,0.6011114365683786,0.6008880413805174,0.6031082887700534
"banana.dat , MlP , Padronizado , Split # 3",0.8875471698113208,0.7725757543452421,0.8855738751985831,0.8834134781467202,0.8891838251795332
"banana.dat , MLP , Normalizado , Split # 3",0.6520754716981132,0.30373467376229,0.650737806199436,0.652653990889285,0.6510847366453625
"banana.dat , MlP , Padronizado , Split # 3",0.8822641509433963,0.7615937931307851,0.8804997849343008,0.8790987853915351,0.8825026141512722
"banana.dat , MLP , Normalizado , Split # 3",0.6415094339622641,0.29607122101804223,0.6415061668059345,0.6481262695352983,0.6479450069695869
"banana.dat , MlP , Padronizado , Split # 4",0.8037735849056604,0.6081523919835403,0.795206707470764,0.7910834289083264,0.8176489067604926
"banana.dat , MLP , Normalizado , Split # 4",0.6188679245283019,0.2174999369744739,0.6018414220591009,0.6039429866379251,0.6137792556141536
"banana.dat , MlP , Padronizado , Split # 4",0.8762264150943396,0.7508878613005067,0.8733110077750776,0.8698406776382153,0.8811320754716981
"banana.dat , MLP , Normalizado , Split # 4",0.6188679245283019,0.21625545751110445,0.597983322729045,0.6017343982460261,0.6149228375790876
"banana.dat , MlP , Padronizado , Split # 4",0.879245283018868,0.7559612566388327,0.8779785886957523,0.8780981267301377,0.877863166422699
"banana.dat , MLP , Normalizado , Split # 4",0.6286792452830189,0.23736045999972802,0.6084741120848709,0.6117306213065447,0.6260621021177082
"banana.dat , MlP , Padronizado , Split # 4",0.8837735849056604,0.7646903690595183,0.882244244077875,0.881413312329865,0.8832793334876186
"banana.dat , MLP , Normalizado , Split # 4",0.6498113207547169,0.2932032405276834,0.6465642921857826,0.6468158557761841,0.6463876973666083
"banana.dat , MlP , Padronizado , Split # 4",0.8664150943396226,0.736857808365796,0.8660623266348793,0.8704141275960702,0.866454320515099
"banana.dat , MLP , Normalizado , Split # 4",0.630188679245283,0.24091706837350335,0.6117167353226833,0.6142029045585817,0.6270568249950037
"banana.dat , MlP , Padronizado , Split # 4",0.8973584905660378,0.7925235756786252,0.8955783637442516,0.8934097012072388,0.8991345511301772
"banana.dat , MLP , Normalizado , Split # 4",0.6294339622641509,0.23900463863862254,0.6094108818011257,0.6125723721482955,0.6268588735420981
"banana.dat , MlP , Padronizado , Split # 4",0.790188679245283,0.5878402861814015,0.7772791474994316,0.7735655690512051,0.8157891938451068
"banana.dat , MLP , Normalizado , Split # 4",0.580377358490566,0.14282377187557027,0.5696705032407603,0.570163559903642,0.5726824217613069
"banana.dat , MlP , Padronizado , Split # 4",0.8279245283018868,0.6544658538220898,0.8222372335617986,0.8181772121580604,0.8365463784426354
"banana.dat , MLP , Normalizado , Split # 4",0.6241509433962265,0.23014224166484173,0.6106197510232407,0.6114128056672516,0.6188495592614066
"banana.dat , MlP , Padronizado , Split # 4",0.8166037735849057,0.6333473748750973,0.8093763339512309,0.8050776805906765,0.8287104586646021
"banana.dat , MLP , Normalizado , Split # 4",0.6135849056603774,0.20638421976738985,0.5964537420825462,0.5986817560004974,0.6079086142548467
"banana.dat , MlP , Padronizado , Split # 4",0.8173584905660377,0.6298231087196969,0.8133993957085062,0.8109676334710534,0.818905494962282
"banana.dat , MLP , Normalizado , Split # 4",0.6120754716981132,0.20219021571525647,0.5924160235172453,0.5957362038073393,0.606753980482794
"banana.dat , MlP , Padronizado , Split # 4",0.8762264150943396,0.7493419119785416,0.8743244868876427,0.8728380475986495,0.876512875137217
"banana.dat , MLP , Normalizado , Split # 4",0.6128301886792453,0.2042739885446322,0.5944605963483107,0.5972089799039184,0.6073148345892954
"banana.dat , MlP , Padronizado , Split # 4",0.8762264150943396,0.7494699097657004,0.8746839706208016,0.874100098108306,0.8753708890244578
"banana.dat , MLP , Normalizado , Split # 4",0.6181132075471698,0.21554469998992745,0.6001285886736998,0.602627966855053,0.6131746031746032
"banana.dat , MlP , Padronizado , Split # 4",0.879245283018868,0.7554721450942808,0.8775698775698776,0.8765205635930671,0.8789555054887999
"banana.dat , MLP , Normalizado , Split # 4",0.6045283018867924,0.1829320622249593,0.5712779042942604,0.5819549807237906,0.6020808591934734
"banana.dat , MlP , Padronizado , Split # 4",0.8845283018867924,0.7663214910875131,0.882595665204361,0.8806775000345451,0.8856601898255733
"banana.dat , MLP , Normalizado , Split # 4",0.660377358490566,0.3143033520796964,0.6571273801254065,0.6573383170510394,0.6569652564296973
"banana.dat , MlP , Padronizado , Split # 4",0.8852830188679245,0.7685182306886098,0.8829516184524973,0.8800994440529324,0.8884643085787451
"banana.dat , MLP , Normalizado , Split # 4",0.6286792452830189,0.23948274396927136,0.6150857569330619,0.6158322854629283,0.6237823816344512
"banana.dat , MlP , Padronizado , Split # 4",0.8905660377358491,0.7811641863900346,0.88774630811703,0.8836253552395823,0.8976649860104469
"banana.dat , MLP , Normalizado , Split # 4",0.6264150943396226,0.23373846683929778,0.6104795044069935,0.6120449824280194,0.6219011991801677
"banana.dat , MlP , Padronizado , Split # 4",0.8852830188679245,0.76779631679319,0.8834312649617766,0.8816770071900031,0.8861322354870877
"banana.dat , MLP , Normalizado , Split # 4",0.6332075471698113,0.2521545870868863,0.6245679864554134,0.6241956731012819,0.6279874213836478
"banana.dat , MlP , Padronizado , Split # 4",0.8822641509433963,0.7655128482955438,0.8788320038267279,0.874208339666616,0.891499773513623
"banana.dat , MLP , Normalizado , Split # 4",0.6271698113207547,0.23447978723785917,0.6085470760191949,0.6111514138189924,0.6236618787248326
"banana.dat , MlP , Padronizado , Split # 4",0.820377358490566,0.6449411822700016,0.8119181899295267,0.8070778464075318,0.8386349206349206
"banana.dat , MLP , Normalizado , Split # 4",0.580377358490566,0.14489797587937062,0.5714727794762975,0.5715833667270056,0.5733250766690257
"banana.dat , MlP , Padronizado , Split # 4",0.8090566037735849,0.6155150236598087,0.8025794673223303,0.7988687605650671,0.8169106262851227
"banana.dat , MLP , Normalizado , Split # 4",0.600754716981132,0.17612985265312045,0.5753639931929804,0.581690134357713,0.5949371831724772
"banana.dat , MlP , Padronizado , Split # 4",0.8535849056603774,0.7039877166199475,0.85041108581591,0.8475855223461243,0.8564581040419834
"banana.dat , MLP , Normalizado , Split # 4",0.6226415094339622,0.22604681787353387,0.6071643730995651,0.6086250097878005,0.6175999062521816
"banana.dat , MlP , Padronizado , Split # 4",0.849811320754717,0.6991431943762308,0.8451452818276586,0.840852667118057,0.8585135554134449
"banana.dat , MLP , Normalizado , Split # 4",0.6354716981132076,0.2552639151542876,0.6249430799588125,0.6248278498620496,0.630499056204014
"banana.dat , MlP , Padronizado , Split # 4",0.8883018867924528,0.7742173062250808,0.8862724265439346,0.883939716361057,0.890303745428835
"banana.dat , MLP , Normalizado , Split # 4",0.630188679245283,0.24386078992485713,0.6188021963569409,0.6189355939697937,0.6250006051129625
"banana.dat , MlP , Padronizado , Split # 4",0.8867924528301887,0.7719719405285105,0.8843384684143634,0.8811519204816058,0.8908813290317095
"banana.dat , MLP , Normalizado , Split # 4",0.6535849056603774,0.29810020292415296,0.6489652939271733,0.6486582652793322,0.6494429704538194
"banana.dat , MlP , Padronizado , Split # 4",0.8573584905660377,0.7112333725861156,0.8555563438407909,0.8549494028290198,0.8562852242097525
"banana.dat , MLP , Normalizado , Split # 4",0.6249056603773585,0.2309686360463763,0.6098843322818086,0.611150262313053,0.619987370535559
"banana.dat , MlP , Padronizado , Split # 4",0.8784905660377359,0.7543247409744326,0.8762059510510816,0.8737857369868314,0.8805695071680806
"banana.dat , MLP , Normalizado , Split # 4",0.6294339622641509,0.24292803598657012,0.618928377923238,0.6188826246965782,0.624101463142559
"banana.dat , MlP , Padronizado , Split # 4",0.889811320754717,0.7770975499319653,0.8879449763204479,0.8859387306719728,0.8911764705882352
"banana.dat , MLP , Normalizado , Split # 4",0.6279245283018868,0.23844549162344683,0.6153030726873869,0.6157793161897129,0.6227685875739327
"banana.dat , MlP , Padronizado , Split # 4",0.8837735849056604,0.7650615213278972,0.881612964613271,0.8792047239379661,0.8858859703395392
"banana.dat , MLP , Normalizado , Split # 4",0.6203773584905661,0.22206901218497305,0.6063639719453673,0.6073618077722045,0.614832842320994
"banana.dat , MlP , Padronizado , Split # 4",0.8890566037735849,0.7758781379311674,0.8869706509596833,0.8844659545753937,0.8914435581067075
"banana.dat , MLP , Normalizado , Split # 4",0.6354716981132076,0.25276071856342447,0.6196793890861548,0.62104169833308,0.6319544870249859
"banana.dat , MlP , Padronizado , Split # 4",0.8920754716981132,0.7827181738837301,0.8897607055314847,0.8865709074327406,0.8962065742327465
"banana.dat , MLP , Normalizado , Split # 4",0.6452830188679245,0.28358965776097245,0.6417814806633901,0.641923107039386,0.6416666666666667
"banana.dat , MlP , Padronizado , Split # 4",0.8324528301886792,0.6618869242369634,0.827922077922078,0.8244897677182219,0.837525512404059
"banana.dat , MLP , Normalizado , Split # 4",0.6264150943396226,0.24981151255139977,0.6243601881077031,0.62545426909312,0.6243596416732871
"banana.dat , MlP , Padronizado , Split # 4",0.8913207547169811,0.7801696774342325,0.8894799766448253,0.8874644760417674,0.8927229225023343
"banana.dat , MLP , Normalizado , Split # 4",0.6347169811320754,0.2540490125534279,0.6246494074459068,0.62445936796142,0.6296425127262782
"banana.dat , MlP , Padronizado , Split # 4",0.8913207547169811,0.7800733117729731,0.8895664615427357,0.8877799886691815,0.892306455671429
"banana.dat , MLP , Normalizado , Split # 4",0.6294339622641509,0.24292803598657012,0.618928377923238,0.6188826246965782,0.624101463142559
"banana.dat , MlP , Padronizado , Split # 4",0.8950943396226415,0.7879475911114598,0.8932534808899533,0.8910422049956934,0.8969273638539796
"banana.dat , MLP , Normalizado , Split # 4",0.6256603773584906,0.232500973914642,0.6105490712910902,0.6118342568410968,0.6208411098668658
"banana.dat , MlP , Padronizado , Split # 4",0.8973584905660378,0.7937544567351394,0.8950861667442944,0.8916743817564612,0.9021491875224638
"banana.dat , MLP , Normalizado , Split # 4",0.659622641509434,0.3131248126270839,0.6565165434783984,0.6568120788367027,0.6563131313131313
"banana.dat , MlP , Padronizado , Split # 4",0.8860377358490567,0.7696496840702745,0.8848243279572213,0.8848851027373599,0.884764590767814
"banana.dat , MLP , Normalizado , Split # 4",0.6249056603773585,0.23055558996435999,0.6089056842227794,0.6105192370582248,0.620241239169544
